{
  "accuracy": 0.9253112033195021,
  "macro_f1": 0.7354339280526182,
  "smishing_recall": 0.45161290322580644,
  "per_class": {
    "ham": {
      "precision": 0.9749058971141782,
      "recall": 1.0,
      "f1": 0.9872935196950444,
      "support": 777.0
    },
    "spam": {
      "precision": 0.7435897435897436,
      "recall": 0.696,
      "f1": 0.71900826446281,
      "support": 125.0
    },
    "smishing": {
      "precision": 0.56,
      "recall": 0.45161290322580644,
      "f1": 0.5,
      "support": 62.0
    }
  },
  "confusion_matrix": [
    [
      777,
      0,
      0
    ],
    [
      16,
      87,
      22
    ],
    [
      4,
      30,
      28
    ]
  ],
  "model": "tfidf_rf",
  "arm": "roman"
}