{
  "accuracy": 0.8671497584541062,
  "macro_f1": 0.8072314016880497,
  "smishing_recall": 0.6447368421052632,
  "per_class": {
    "ham": {
      "precision": 0.941908713692946,
      "recall": 1.0,
      "f1": 0.9700854700854701,
      "support": 227.0
    },
    "spam": {
      "precision": 0.7757009345794392,
      "recall": 0.7477477477477478,
      "f1": 0.7614678899082569,
      "support": 111.0
    },
    "smishing": {
      "precision": 0.7424242424242424,
      "recall": 0.6447368421052632,
      "f1": 0.6901408450704225,
      "support": 76.0
    }
  },
  "confusion_matrix": [
    [
      227,
      0,
      0
    ],
    [
      11,
      83,
      17
    ],
    [
      3,
      24,
      49
    ]
  ],
  "model": "tfidf_rf",
  "arm": "roman"
}