{
  "accuracy": 0.8523002421307506,
  "macro_f1": 0.8032904283756768,
  "smishing_recall": 0.6578947368421053,
  "per_class": {
    "ham": {
      "precision": 0.8875502008032129,
      "recall": 0.9778761061946902,
      "f1": 0.9305263157894736,
      "support": 226.0
    },
    "spam": {
      "precision": 0.826530612244898,
      "recall": 0.7297297297297297,
      "f1": 0.7751196172248804,
      "support": 111.0
    },
    "smishing": {
      "precision": 0.7575757575757576,
      "recall": 0.6578947368421053,
      "f1": 0.704225352112676,
      "support": 76.0
    }
  },
  "confusion_matrix": [
    [
      221,
      4,
      1
    ],
    [
      15,
      81,
      15
    ],
    [
      13,
      13,
      50
    ]
  ],
  "model": "indicbert",
  "arm": "xlit-native"
}