{
  "accuracy": 0.8599033816425121,
  "macro_f1": 0.8049298414368916,
  "smishing_recall": 0.8026315789473685,
  "per_class": {
    "ham": {
      "precision": 0.9694323144104804,
      "recall": 0.9779735682819384,
      "f1": 0.9736842105263158,
      "support": 227.0
    },
    "spam": {
      "precision": 0.7934782608695652,
      "recall": 0.6576576576576577,
      "f1": 0.7192118226600985,
      "support": 111.0
    },
    "smishing": {
      "precision": 0.6559139784946236,
      "recall": 0.8026315789473685,
      "f1": 0.7218934911242604,
      "support": 76.0
    }
  },
  "confusion_matrix": [
    [
      222,
      4,
      1
    ],
    [
      7,
      73,
      31
    ],
    [
      0,
      15,
      61
    ]
  ],
  "model": "muril",
  "arm": "roman"
}