{
  "accuracy": 0.7946859903381642,
  "macro_f1": 0.564674831341498,
  "smishing_recall": 0.0,
  "per_class": {
    "ham": {
      "precision": 0.9780701754385965,
      "recall": 0.9823788546255506,
      "f1": 0.9802197802197802,
      "support": 227.0
    },
    "spam": {
      "precision": 0.5698924731182796,
      "recall": 0.954954954954955,
      "f1": 0.7138047138047138,
      "support": 111.0
    },
    "smishing": {
      "precision": 0.0,
      "recall": 0.0,
      "f1": 0.0,
      "support": 76.0
    }
  },
  "confusion_matrix": [
    [
      223,
      4,
      0
    ],
    [
      5,
      106,
      0
    ],
    [
      0,
      76,
      0
    ]
  ],
  "model": "muril",
  "arm": "roman"
}