{
  "accuracy": 0.8429951690821256,
  "macro_f1": 0.7489115283645212,
  "smishing_recall": 0.3684210526315789,
  "per_class": {
    "ham": {
      "precision": 0.9606986899563319,
      "recall": 0.9691629955947136,
      "f1": 0.9649122807017544,
      "support": 227.0
    },
    "spam": {
      "precision": 0.6644736842105263,
      "recall": 0.9099099099099099,
      "f1": 0.7680608365019012,
      "support": 111.0
    },
    "smishing": {
      "precision": 0.8484848484848485,
      "recall": 0.3684210526315789,
      "f1": 0.5137614678899083,
      "support": 76.0
    }
  },
  "confusion_matrix": [
    [
      220,
      6,
      1
    ],
    [
      6,
      101,
      4
    ],
    [
      3,
      45,
      28
    ]
  ],
  "model": "indicbert",
  "arm": "roman",
  "precision": "int8"
}