{
  "accuracy": 0.9202898550724637,
  "macro_f1": 0.8920252911480983,
  "smishing_recall": 0.868421052631579,
  "per_class": {
    "ham": {
      "precision": 0.9737991266375546,
      "recall": 0.9823788546255506,
      "f1": 0.9780701754385965,
      "support": 227.0
    },
    "spam": {
      "precision": 0.8761904761904762,
      "recall": 0.8288288288288288,
      "f1": 0.8518518518518519,
      "support": 111.0
    },
    "smishing": {
      "precision": 0.825,
      "recall": 0.868421052631579,
      "f1": 0.8461538461538461,
      "support": 76.0
    }
  },
  "confusion_matrix": [
    [
      223,
      3,
      1
    ],
    [
      6,
      92,
      13
    ],
    [
      0,
      10,
      66
    ]
  ],
  "model": "indicbert",
  "arm": "roman",
  "precision": "fp32"
}